<?xml version="1.0" encoding="UTF-8"?>
<!DOCTYPE log4j:configuration SYSTEM "log4j.dtd">
<log4j:configuration xmlns:log4j="http://jakarta.apache.org/log4j/" debug="false">

    <appender name="CONSOLE" class="org.apache.log4j.ConsoleAppender">
        <param name="Target" value="System.out" />
    </appender>
    
    <logger name="org.hibernate">
        <level value="WARN"/> 
    </logger>
    
    <root>
        <level value="INFO" />
        <appender-ref ref="CONSOLE" />
    </root>
</log4j:configuration>